"v","dist","var","var1","var2","v1name","v2name","aic","n"
"dist_contact","gamma","1460.715 (196.331-4989.077)","1.902 (1.829-1.976)","0.001 (0.001-0.001)","shape","rate",56997.1164903954,6626
"dist_contact","lnorm","1340.595 (269.337-6672.669)","7.201 (7.176-7.226)","0.819 (0.799-0.838)","meanlog","sdlog",56551.1866729117,6626
"dist_contact","weibull","1524.742 (124.353-5408.135)","1.32 (1.292-1.349)","2012.514 (1960.827-2064.201)","shape","scale",57370.2646759427,6626
