"shape","scale","loglik","mean","sd","2.5%","97.5%"
0.383985202913735,57.6411419785632,-14376.636763049,214.908172469243,719.600910035974,0.00397404752995687,1732.77463669052
