ThShape,ThScale,Td
3.62058555975091,0.418531182933651,13.7006292876322
